{"map_top": [0.9800080492533343, 0.9743027619106124, 0.9783111917734678, 0.9782482359255584, 0.9854658634195519, 0.9826500879275675, 0.9898844204936421, 0.9979535863818905, 1.0036817553547275, 0.9929695777582472, 1.0016934700546078, 1.0026808038337316, 1.0119579964572811, 1.0095514720316963, 1.012655419216064, 1.0160228848851005, 1.020348597357247, 1.0253222118461198, 1.0251289879630705, 1.0288635850655712, 1.0327382471192281, 1.0412108901029076, 1.0510531315060256, 1.0637810774842897], "map_reduced_ap": [0.9856819617974685, 0.9806553099368814, 0.9841960822431509, 0.9845622653417074, 0.9908645642091644, 0.9877877582857656, 0.9949067696416305, 1.0016748200783512, 1.0058779534153417, 0.9958556296250397, 1.0011273167446952, 1.0020425271717779, 1.0113040818627217, 1.0083602083426664, 1.0115176872746516, 1.013441855974109, 1.0161652933588947, 1.0190037442969453, 1.0167472231065056, 1.0173902150922784, 1.0190669894390383, 1.0251457542061837, 1.0285031684246193, 1.031315913678207], "timestamp": 1544642360.7074282, "map_bottom_reduced_ap": [0.9850615205015751, 0.9804711196234125, 0.9836165599379094, 0.9854303233989528, 0.9912192036513207, 0.9882129597702194, 0.9949683953646501, 1.0020076436555851, 1.006763702912289, 0.9966221981188832, 1.0005883514441833, 1.002462953034855, 1.011890026323154, 1.0079205160340226, 1.0122217573789152, 1.0132825780076138, 1.016818908372775, 1.0182344667740222, 1.015458035048475, 1.0169048819389026, 1.018170321158156, 1.0251290569638905, 1.0280720410751614, 1.0305160509758913], "name": "XENON1T S2(t) correction map", "coordinate_system": [1.4864415870008294e+18, 1.4870078042867077e+18, 1.4877829659180413e+18, 1.488218976884057e+18, 1.4888217087548974e+18, 1.4891665356472758e+18, 1.491233968941005e+18, 1.4924445649207432e+18, 1.49365248453235e+18, 1.4948610817282058e+18, 1.4968500924503698e+18, 1.4978841924683238e+18, 1.4990943013914452e+18, 1.5003967855511752e+18, 1.5015167560614044e+18, 1.502725549915102e+18, 1.5039296156054244e+18, 1.5057450857878157e+18, 1.5075590993398863e+18, 1.509398070368096e+18, 1.511202507354975e+18, 1.5131915235471716e+18, 1.5149217243560768e+18, 1.5167654230325722e+18], "map": [0.9813313649099761, 0.9761904778234376, 0.979859792615067, 0.9805565429243348, 0.9874103393812429, 0.9845406346070932, 0.9910955284892613, 0.99916490421649, 1.004613112847115, 0.994035426137757, 1.0011948792925542, 1.0022324251058115, 1.0118847388453192, 1.0090627327768051, 1.0127551825810361, 1.0154504175788857, 1.019546644002098, 1.02329023653312, 1.022927298058698, 1.0249335326651585, 1.0281837218618215, 1.0366950352539654, 1.0442499025794294, 1.0538223141161371], "description": "\nXENON1T S2 time correction\nVersion 0.0\nCreated 5th December 2018 by TZ\n\nExtracted from science run 1 Kr83m calibrations (summed 41.6 keV peak)\nMade using data processed with pax v6.10.1\n", "map_top_reduced_ap": [0.9863004004253215, 0.9802464606799229, 0.984477563994056, 0.9844730574530425, 0.9907425656106671, 0.9876618577579122, 0.9948636290488182, 1.001283391595091, 1.0050588719196638, 0.9949382932375905, 1.001300894264206, 1.0022709169345856, 1.0106511049522797, 1.008515548907326, 1.0117291087766136, 1.0127603381211274, 1.015362323468959, 1.0192951950284395, 1.0172372168168342, 1.0183942982561687, 1.0201072835297622, 1.024947627019086, 1.028532753164973, 1.032523129328017], "irregular": true, "map_bottom": [0.9840243012136362, 0.9796421226350952, 0.98277520928348, 0.984385541796729, 0.9905477337827403, 0.9874603028821208, 0.9935425822150175, 1.0009999011269644, 1.006168545702872, 0.9959064595012916, 1.000215416988253, 1.0021097322415242, 1.0118830389314344, 1.0080993540535614, 1.0126645239989391, 1.0142456895725136, 1.0178006770431443, 1.019895512214897, 1.0177898126870588, 1.0191843562558915, 1.0209289605840013, 1.0288725882996723, 1.0325659050433444, 1.0352055651519312]}